{
    "intrinsic_parameters": {
        "focal_length": [
            956.63717905,
            957.55139544
        ],
        "skew": 0.0,
        "principal_point": [
            369.05488009,
            651.41419152
        ]
    },
    "extrinsic_parameters": [
        {
            "image_id": 1,
            "rotation_matrix": [
                [
                    0.99699847,
                    0.01387206,
                    -0.07616833
                ],
                [
                    -0.02511535,
                    0.9885627,
                    -0.14870444
                ],
                [
                    0.07323433,
                    0.15017109,
                    0.9859439
                ]

            ],
            "translation_vector": [
                -3.93829516,
                -3.61716283,
                14.65911133
            ]
        },
        {
            "image_id": 2,
            "rotation_matrix": [
                [
                    0.99828333,
                    0.05391999,
                    -0.02286983
                ],
                [
                    -0.05069018,
                    0.99100787,
                    0.12383015
                ],
                [ 
                    0.02934111,
                    -0.1224583,
                    0.99203985
                ]
            ],
            "translation_vector": [
                0.19763675,
                -0.70686389,
                15.81377339
            ]
        }
    ],
    "radial_distortion_coefficients": [
        0.17404508,
        -0.65946933,
        0.04877254
    ],
    "reprojection_errors": {
        "mean_error": 0.06971434639383274,
        "std_dev": 0.023213702708655654
    }
}