{
    "intrinsic_parameters": {
        "focal_length": [
            1.30516427e+03,
            1.30585706e+03
        ],
        "skew": 0.0,
        "principal_point": [
            7.67886336e+02,
            5.64200520e+02
        ]
    },
    "extrinsic_parameters": [
        {
            "image_id": 1,
            "rotation_matrix": [
                [
                     0.84840586,
                    -0.29290887,
                    -0.44092164
                ],
                [
                    -0.27702834,
                    0.46409454,
                    -0.84135103
                ],
                [ 
                    0.45106851,
                    0.83595493,
                    0.31259647
                ]

            ],
            "translation_vector": [
                -6.41647309,
                -3.43994597,
                14.1469511
            ]
        },
        {
            "image_id": 2,
            "rotation_matrix": [
                [
                    0.99985218,
                    -0.01680081,
                    -0.00365325
                ],
                [
                    0.00706043,
                    0.59494873,
                    0.80373264
                ],
                [
                    0.01567686,
                    0.80358804,
                    0.5949794
                ]
            ],
            "translation_vector": [
                -6.96210691,
                -2.57750859,
                21.9105862
            ]
        }
    ],
    "radial_distortion_coefficients": [
        0.17404508,
        -0.65946933,
        0.70234783
    ],
    "reprojection_errors": {
        "mean_error": 0.1316496006368731,
        "std_dev": 0.08642537528989817
    }
}